[
    { "background": "preview_background_01.jpg" },
    { "background": "preview_background_02.jpg" },
    { "background": "preview_background_03.jpg" },
    { "background": "preview_background_04.jpg" },
    { "background": "preview_background_05.jpg" },
    { "background": "preview_background_06.jpg" },
    { "background": "preview_background_07.jpg" },
    { "background": "preview_background_08.jpg" },
    { "background": "preview_background_09.jpg" },
    { "background": "preview_background_10.jpg" }
]
